<?xml version="1.0" encoding="UTF-8"?>
<configuration debug="true" scan="false" scanPeriod="60 seconds">
	<include
		resource="org/springframework/boot/logging/logback/base.xml" />

	<contextName>dichan-cust-app-api</contextName>

	<!-- 开发环境日志目录可以配置为相对路径,生产环境建议配置为绝对路径 -->
	<property name="LOG_DIR_HOME" value="." />
	<property name="DEFAULT_FILE_LOG_PATTERN"
		value="%d %p %X{request_uuid} [cityCode=%X{request_city_code}] [memberId=%X{request_member_id}] [%t] [%c] - %m%n" />

	<appender name="commonLogFile"
		class="ch.qos.logback.core.rolling.RollingFileAppender">
		<File>
			${LOG_DIR_HOME}/logs/dichan/dichan-cust-app-api/common/api.log
		</File>
		<encoder>
			<pattern>${DEFAULT_FILE_LOG_PATTERN}</pattern>
			<charset>UTF-8</charset>
		</encoder>
		<rollingPolicy
			class="com.ztj.dichan.cust.core.config.CustomFixedWindowRollingPolicy">
			<maxIndex>1024</maxIndex>
			<FileNamePattern>${LOG_DIR_HOME}/logs/dichan/dichan-cust-app-api/common/api.%i.log
			</FileNamePattern>
		</rollingPolicy>
		<triggeringPolicy
			class="ch.qos.logback.core.rolling.SizeBasedTriggeringPolicy">
			<MaxFileSize>10240KB</MaxFileSize>
		</triggeringPolicy>
	</appender>

	<appender name="hibernateLogFile"
		class="ch.qos.logback.core.rolling.RollingFileAppender">
		<File>${LOG_DIR_HOME}/logs/dichan/dichan-cust-app-api/common/api_hibernate.log
		</File>
		<encoder>
			<pattern>${DEFAULT_FILE_LOG_PATTERN}</pattern>
			<charset>UTF-8</charset>
		</encoder>
		<rollingPolicy
			class="com.ztj.dichan.cust.core.config.CustomFixedWindowRollingPolicy">
			<maxIndex>1024</maxIndex>
			<FileNamePattern>${LOG_DIR_HOME}/logs/dichan/dichan-cust-app-api/common/api_hibernate.%i.log
			</FileNamePattern>
		</rollingPolicy>
		<triggeringPolicy
			class="ch.qos.logback.core.rolling.SizeBasedTriggeringPolicy">
			<MaxFileSize>10240KB</MaxFileSize>
		</triggeringPolicy>
	</appender>

	<appender name="taskLogFile"
		class="ch.qos.logback.core.rolling.RollingFileAppender">
		<File>${LOG_DIR_HOME}/logs/dichan/dichan-cust-app-api/common/api_task.log
		</File>
		<encoder>
			<pattern>${DEFAULT_FILE_LOG_PATTERN}</pattern>
			<charset>UTF-8</charset>
		</encoder>
		<rollingPolicy
			class="com.ztj.dichan.cust.core.config.CustomFixedWindowRollingPolicy">
			<maxIndex>1024</maxIndex>
			<FileNamePattern>${LOG_DIR_HOME}/logs/dichan/dichan-cust-app-api/common/api_task.%i.log
			</FileNamePattern>
		</rollingPolicy>
		<triggeringPolicy
			class="ch.qos.logback.core.rolling.SizeBasedTriggeringPolicy">
			<MaxFileSize>10240KB</MaxFileSize>
		</triggeringPolicy>
	</appender>

	<appender name="monitorLogFile"
		class="ch.qos.logback.core.rolling.RollingFileAppender">
		<File>${LOG_DIR_HOME}/logs/dichan/dichan-cust-app-api/monitor/api_monitoring.log
		</File>
		<encoder>
			<pattern>${DEFAULT_FILE_LOG_PATTERN}</pattern>
			<charset>UTF-8</charset>
		</encoder>
		<rollingPolicy
			class="ch.qos.logback.core.rolling.SizeAndTimeBasedRollingPolicy">
			<FileNamePattern>${LOG_DIR_HOME}/logs/dichan/dichan-cust-app-api/monitor/api_monitoring_%d{yyyyMMdd}.%i.log
			</FileNamePattern>
			<maxFileSize>10240KB</maxFileSize>
			<maxHistory>200</maxHistory>
			<totalSizeCap>100GB</totalSizeCap>
		</rollingPolicy>
	</appender>

	<appender name="requestLogFile"
		class="ch.qos.logback.core.rolling.RollingFileAppender">
		<File>
			${LOG_DIR_HOME}/logs/dichan/dichan-cust-app-api/monitor/api_request.log
		</File>
		<encoder>
			<pattern>${DEFAULT_FILE_LOG_PATTERN}</pattern>
			<charset>UTF-8</charset>
		</encoder>
		<rollingPolicy
			class="ch.qos.logback.core.rolling.SizeAndTimeBasedRollingPolicy">
			<FileNamePattern>${LOG_DIR_HOME}/logs/dichan/dichan-cust-app-api/monitor/api_request_%d{yyyyMMdd}.%i.log
			</FileNamePattern>
			<maxFileSize>10240KB</maxFileSize>
			<maxHistory>200</maxHistory>
			<totalSizeCap>100GB</totalSizeCap>
		</rollingPolicy>
	</appender>

	<appender name="logstash_input_redis"
		class="com.ztj.dichan.cust.core.log.RedisAppender">
		<host>112.74.181.229</host>
		<port>6379</port>
		<password>redis_test_env@20180804</password>
		<database>15</database>
		<key>log_list</key>
		<layout class="com.ztj.dichan.cust.core.log.JSONEventLayout">
			<project>ztj-dichan-cust</project>
			<module>dichan-cust-app-api</module>
			<env>prod</env>
			<tags></tags>
		</layout>
	</appender>
	<appender name="logstash"
		class="ch.qos.logback.classic.AsyncAppender">
		<discardingThreshold>0</discardingThreshold>
		<queueSize>256</queueSize>
		<appender-ref ref="logstash_input_redis" />
	</appender>

	<logger name="org.hibernate" level="INFO" additivity="false">
		<appender-ref ref="hibernateLogFile" />
	</logger>
	<logger name="org.hibernate.SQL" level="WAR" additivity="false">
		<appender-ref ref="hibernateLogFile" />
	</logger>
	<logger name="monitoring" level="INFO" additivity="false">
		<appender-ref ref="monitorLogFile" />
		<appender-ref ref="logstash" />
	</logger>
	<logger name="com.ztj.dichan.cust.appapi.job" level="INFO"
		additivity="false">
		<appender-ref ref="taskLogFile" />
	</logger>
	<logger name="com.ztj.dichan.cust.appapi.interceptor"
		level="DEBUG" additivity="false">
		<appender-ref ref="requestLogFile" />
		<appender-ref ref="logstash" />
	</logger>
	<logger name="com.ztj.dichan" level="INFO" additivity="false">
		<appender-ref ref="commonLogFile" />
		<appender-ref ref="logstash" />
	</logger>

	<root level="INFO">
		<appender-ref ref="commonLogFile" />
	</root>
</configuration>